video_id,timestamp,dimensions_height,dimensions_width,video_duration,view_count,likes_count,comments_count,popularity,alternative_medicine,climate_change,covid,election,gmo,health,russia_ukraine,vaccine,tempo,loudness,spec_centroid,brightness,saturation,entropy,warmness,shotc_ps,shotd_ps,facec_ps,faced_ps,face_age_avg,face_female,face_size,face_anger_avg,face_disgust_avg,face_fear_avg,face_happiness_avg,face_sadness_avg,face_surprise_avg,n_evaluation,predicted_msv,perceived_msv,perceived_msv_high_ss,perceived_msv_low_ss,perceived_msv_high_age,perceived_msv_low_age,engagement,survey_batch_id,unique,powerful_impact,goosebump,novel,emotional,exciting,strong_visual,creative,graphic,arousing,unusual,involving,intense,strong_soundtrack,dramatic,stimulating,strong_soundeffect
8,2021-04-21T15:08:29Z,935,750,32.033,201,113.0,4,unpopular,0,0,0,0,0,0,1,0,107.6660156,0.05345061,1541.450494,133.456705,71.62689441,7.01714204,0.323444246,0.031217807,0.998969812,0.218524646,0.156980971,25.57142857,0.714285714,0.017324667,9.042571429,0.214,1.389714286,34.307,1.586,12.873,8,3.49872704,2.889705882,1.779411765,4.0,3.382352941,2.397058824,0.0318,1_105,2.625,2.625,1.75,2.5,4.125,2.875,3.125,2.75,1.875,2.75,3.375,3.125,2.75,3.25,2.875,3.375,3.375
40,2023-02-11T02:26:30Z,750,750,7.245,2455109,114070.0,10214,popular,0,0,1,0,1,0,0,1,107.6660156,0.0,1488.566158,108.7416304,113.6541667,7.414177028,0.612356449,0.27605245,0.492293444,0.27605245,0.483091787,20.875,1.0,0.03107199,0.0,0.0,0.0,0.086,0.0,0.001625,9,3.05919942,2.496732026,2.260504202,3.323529412,3.176470588,1.952941176,257.9393,1_26,2.333333333,1.777777778,2.222222222,2.333333333,2.888888889,2.333333333,4.0,2.444444444,2.555555556,3.111111111,1.888888889,2.777777778,1.777777778,2.0,1.888888889,3.111111111,3.0
47,2022-04-12T05:42:38Z,1333,750,57.966,13830,1402.0,20,popular,0,0,0,0,0,0,0,1,123.046875,0.00955579,1771.76334,167.7332732,194.4787931,3.915209429,0.16954277,0.431287306,0.039425412,0.069005969,0.014663768,23.54285714,0.6,0.023518203,6.795371429,0.691714286,0.162314286,54.46948571,17.53671429,10.66108571,9,4.236943325,4.784313725,4.81372549,4.725490196,5.029411765,4.294117647,1.5252,1_32,5.555555556,5.555555556,2.666666667,5.444444444,4.555555556,4.777777778,5.222222222,5.666666667,4.666666667,3.555555556,5.444444444,5.444444444,3.777777778,5.111111111,4.222222222,4.888888889,4.777777778
72,2021-11-24T03:57:39Z,1920,1080,9.733,107127,2265.0,68,popular,0,0,0,0,1,0,0,0,123.046875,0.186132997,2300.189531,131.3507403,50.69040816,7.579214631,0.333000948,0.102743245,0.996609473,0.0,0.0,34.0,0.666666667,,0.464333333,15.76,26.55933333,0.393,11.67133333,44.98166667,9,3.607674822,2.026143791,2.0,2.039215686,2.514705882,1.635294118,10.946,1_55,2.222222222,2.333333333,2.222222222,1.555555556,1.555555556,1.555555556,2.444444444,2.333333333,2.444444444,1.444444444,1.666666667,1.888888889,2.111111111,2.777777778,2.0,1.444444444,2.444444444
75,2022-11-08T09:15:25Z,1920,1080,118.566,17469,1722.0,78,popular,0,1,0,0,0,0,0,0,103.359375,0.163493425,2276.222234,107.4614619,99.873457,7.177744157,0.327488181,0.202418906,0.041385763,0.379535449,0.027289067,26.79259259,0.881481481,0.12056428,3.691118519,4.679288889,3.142718519,13.20114074,1.136837037,58.7999037,8,4.003783684,4.544117647,4.745098039,3.941176471,4.541176471,4.549019608,1.9269,1_58,4.875,5.75,2.25,4.375,4.875,4.625,5.375,5.0,3.75,4.75,3.625,5.75,5.25,2.75,5.625,5.5,3.125
80,2022-07-02T15:12:59Z,1333,750,51.166,428060,66384.0,198,popular,0,1,0,0,0,0,1,0,151.9990809,0.015201023,2141.453893,144.9693657,86.66601563,6.884634286,0.242619476,0.644959543,0.029651949,0.371340343,0.022527295,32.86956522,0.391304348,0.106020047,2.506478261,9.196608696,1.060521739,27.66452174,1.145782609,14.97926087,8,4.156990213,4.602941176,5.411764706,4.117647059,4.882352941,4.323529412,49.4642,1_62,5.0,5.125,2.875,5.375,4.875,4.25,5.625,5.5,3.375,2.75,5.25,5.0,4.5,4.625,5.625,4.0,4.5
84,2022-05-26T00:47:58Z,1333,750,5.0,7936,1149.0,35,popular,1,0,0,0,0,0,0,0,,,,38.52777209,54.1496,5.280242443,0.016181554,0.2,0.9933332,0.0,0.0,,,,,,,,,,8,3.748796542,2.389705882,1.808823529,2.970588235,3.215686275,1.894117647,0.912,1_66,2.875,3.5,2.0,3.625,3.0,2.125,2.75,3.0,2.75,2.125,2.625,2.625,2.5,1.0,1.625,1.5,1.0
89,2022-08-10T09:02:26Z,1920,1080,10.033,500202,31427.0,344,popular,0,0,0,0,0,0,0,1,0.0,0.0,0.0,77.47556663,32.31470588,4.591303768,0.17841978,0.099671085,0.996710854,0.0,0.0,,,,,,,,,,8,3.684036402,3.198529412,2.576470588,4.235294118,3.838235294,2.558823529,53.1973,1_70,3.75,3.375,2.375,3.25,4.625,3.0,1.875,1.875,4.0,3.75,4.0,3.375,4.75,1.625,4.25,3.0,1.5
97,2022-09-04T19:08:51Z,1333,750,30.566,932,106.0,9,unpopular,0,0,0,0,1,0,0,0,123.046875,0.124258384,2266.103242,141.1115791,79.46718954,7.315713654,0.405679353,0.425309167,0.075834218,0.130864359,0.155401426,43.65,1.0,0.14438201,0.0093,0.0093,5.1424,28.08215,11.0922,0.20935,8,3.62590537,3.764705882,3.352941176,4.450980392,3.323529412,3.911764706,0.1047,1_78,4.0,4.375,3.625,3.625,4.5,3.625,3.875,3.875,2.625,2.5,3.125,4.0,3.75,3.5,4.25,4.375,4.375
111,2023-01-07T04:10:42Z,1920,1080,29.9,2994,230.0,5,unpopular,0,0,0,0,0,0,1,0,107.6660156,2.92e-13,3139.157315,108.9811421,62.4378,7.429558951,0.394259245,0.234113712,0.141742308,0.434782609,0.020324157,24.5,0.416666667,0.004993516,11.33125,10.69083333,0.251916667,20.00566667,7.9105,7.215,8,3.508775798,2.852941176,2.397058824,3.308823529,3.0,2.831932773,0.3229,1_90,2.5,2.5,1.875,2.125,3.0,2.625,4.0,3.625,2.625,3.0,2.25,3.25,2.25,4.875,2.625,3.0,2.375
120,2021-05-05T20:55:46Z,937,750,15.266,4811,412.0,18,unpopular,0,0,0,1,0,0,0,0,112.3471467,0.237218574,2377.824879,124.1965166,48.04506494,7.585878051,0.180032267,0.458535307,0.140679867,0.720555483,0.07503305,29.7,0.3,0.070307354,5.4953,3.6083,10.843,6.8073,3.2255,0.1396,9,3.5694853,3.477124183,3.764705882,3.117647059,2.882352941,3.952941176,0.5241,1_99,3.333333333,3.333333333,2.333333333,3.777777778,3.0,3.333333333,4.0,4.111111111,2.333333333,3.222222222,3.222222222,3.333333333,3.444444444,4.888888889,4.0,3.888888889,3.555555556
134,2021-11-23T01:22:39Z,1920,1080,9.933,33,8.0,2,unpopular,0,0,0,1,0,0,0,0,172.265625,0.312678128,2461.104539,73.39451404,11.8456,6.105483366,1.17e-05,1.107419712,0.087556355,0.0,0.0,,,,,,,,,,9,3.969138966,2.777777778,3.921568627,2.205882353,2.152941176,3.558823529,0.0043,10_110,2.444444444,2.333333333,1.666666667,2.555555556,2.111111111,2.555555556,2.888888889,2.222222222,3.111111111,2.555555556,2.666666667,2.222222222,2.777777778,4.333333333,3.444444444,3.111111111,4.222222222
135,2014-06-30T03:07:10Z,640,640,14.0,0,25.0,3,unpopular,0,0,1,0,0,0,0,0,92.28515625,1.23e-05,2030.4243,166.8612609,150.1703448,6.430728681,0.753251953,0.285714286,0.098312589,0.0,0.0,,,,,,,,,,8,3.68138197,3.654411765,3.776470588,3.450980392,3.480392157,4.176470588,0.0028,10_111,4.375,2.875,2.375,3.875,3.125,4.125,3.5,3.875,3.25,3.625,3.75,3.25,3.875,4.875,3.875,3.625,3.875
157,2023-01-28T03:32:09Z,1333,750,5.573,2001876,120365.0,5530,popular,0,0,1,0,1,0,0,1,184.5703125,0.109983265,2048.944909,133.3479902,45.63607143,7.276596082,0.396842689,0.179436569,0.98690113,0.179436569,0.98690113,28.6,1.0,0.018062498,1.1598,18.6564,0.2646,2.2536,18.4298,53.9064,9,2.809853886,2.045751634,2.319327731,1.088235294,1.725490196,2.205882353,212.7771,10_23,2.111111111,1.333333333,1.555555556,2.0,1.888888889,1.777777778,2.111111111,2.333333333,1.888888889,2.555555556,3.0,2.111111111,1.777777778,2.0,2.333333333,1.777777778,2.222222222
169,2022-05-04T14:03:32Z,1920,1080,59.966,165030,9212.0,192,popular,0,1,0,0,0,0,0,0,75.99954044,0.104647331,802.4464536,95.89049587,51.40716667,7.055999106,0.278822151,0.216789514,0.076368057,0.350198446,0.068451488,39.6375,0.1625,0.111781161,6.7937875,4.6588875,0.76605,20.1711,18.21285,4.3291125,9,4.14127967,4.594771242,4.596638655,4.588235294,4.929411765,4.176470588,17.4434,10_34,5.111111111,5.222222222,2.888888889,4.888888889,4.666666667,4.333333333,5.111111111,5.111111111,3.777777778,3.888888889,4.333333333,5.222222222,4.555555556,4.555555556,4.333333333,5.222222222,4.888888889
175,2023-01-03T07:24:58Z,1333,750,9.266,6512,,114,popular,0,0,0,0,0,1,0,0,151.9990809,0.001446154,2825.418547,133.398817,56.04,7.070050834,0.287228122,0.107921433,0.996474531,0.107921433,0.992877185,27.1,1.0,0.066184297,0.0063,0.0098,0.3517,50.1392,0.0209,17.2986,9,2.879615459,2.843137255,3.270588235,2.308823529,2.682352941,3.044117647,0.6626,10_4,3.444444444,3.111111111,1.777777778,2.666666667,2.777777778,2.555555556,2.888888889,2.444444444,2.333333333,2.555555556,3.666666667,2.777777778,3.0,3.222222222,3.333333333,2.666666667,3.111111111
180,2022-08-31T15:04:21Z,1920,1080,90.033,464493,11228.0,644,popular,0,1,0,0,0,0,0,1,103.359375,0.046220977,2175.001858,94.53615881,66.45997783,6.891918382,0.327492538,0.310997079,0.035344185,0.355425233,0.030127842,61.95348837,0.534883721,0.329800849,4.769197674,9.832860465,3.363011628,27.56040698,9.236337209,15.27227907,7,4.049314836,3.487394958,3.647058824,3.367647059,3.505882353,3.441176471,47.6365,10_44,3.285714286,3.714285714,2.428571429,2.857142857,3.714285714,4.428571429,4.142857143,3.571428571,2.714285714,3.428571429,3.142857143,3.857142857,3.285714286,3.571428571,3.428571429,4.0,3.714285714
190,2021-06-13T20:10:13Z,1138,640,29.633,122143,4050.0,34,popular,0,0,0,0,0,1,0,0,123.046875,0.000272,2380.189848,131.3552816,80.39134228,7.253525794,0.490295392,0.74241555,0.044330186,0.033746161,0.145108494,24.0,1.0,0.270773561,2.029,1.6565,9.7375,5.54175,23.67375,2.03225,8,3.738778615,3.397058824,2.5,4.294117647,3.637254902,2.676470588,12.6227,10_53,5.0,3.75,1.25,3.0,1.875,3.75,4.125,4.75,3.5,3.25,3.25,4.375,2.5,3.875,2.25,3.25,4.0
197,2022-10-24T12:47:49Z,1333,750,19.4,5639,478.0,33,popular,1,0,0,0,0,0,0,0,107.6660156,0.028229209,2000.370935,244.1455373,0.019793814,0.15111612,0.0,0.051546392,0.998281753,0.0,0.0,,,,,,,,,,9,3.130272907,2.581699346,2.838235294,2.376470588,3.058823529,1.985294118,0.615,10_6,2.888888889,2.777777778,1.666666667,2.666666667,3.444444444,2.222222222,2.222222222,1.888888889,2.111111111,1.444444444,2.888888889,2.222222222,2.222222222,4.444444444,2.888888889,2.555555556,3.333333333
199,2021-07-09T20:59:07Z,1333,750,23.2,401553,40594.0,428,popular,0,0,0,0,0,1,0,0,99.38401442,0.011550114,2747.403562,111.3908934,57.37508621,7.33562986,0.2190877,0.043103448,0.99856319,0.560344828,0.060676393,30.71428571,0.071428571,0.022342192,11.54664286,1.431142857,4.260428571,16.387,4.987857143,29.78978571,8,3.525412167,3.117647059,3.235294118,3.0,2.941176471,3.647058824,44.2575,10_61,3.125,3.5,1.875,2.875,2.75,2.625,3.75,2.875,3.25,2.625,3.5,3.0,4.125,2.875,4.0,3.0,3.25
213,2022-08-09T10:36:29Z,1920,1080,10.033,437366,38584.0,395,popular,0,0,0,0,0,0,0,1,0.0,0.0,0.0,102.553752,27.11784314,4.420506054,0.078324,0.099671085,0.996710854,0.398684342,0.996710854,55.6969697,0.0,0.029241147,3.706515152,0.037939394,25.54548485,0.064606061,0.225545455,0.100878788,8,2.805592985,2.75,2.431372549,2.941176471,2.552941176,3.078431373,47.6345,10_74,3.625,2.375,2.625,3.25,2.75,2.75,1.875,2.5,2.25,2.0,4.375,2.375,3.0,2.625,3.625,2.375,2.375
215,2022-03-16T12:27:55Z,1333,750,46.133,374,47.0,0,unpopular,0,0,0,0,1,0,0,0,112.3471467,0.000561,1663.368068,124.2924666,72.45099567,7.124768471,0.306024921,0.585264344,0.036314756,0.411852687,0.02966252,32.07692308,0.692307692,0.01805398,0.063769231,4.894230769,0.522692308,50.89038462,5.584653846,6.362615385,9,4.20859469,4.830065359,5.082352941,4.514705882,4.223529412,5.588235294,0.0421,10_76,5.666666667,5.222222222,2.777777778,5.222222222,4.555555556,5.222222222,4.888888889,5.666666667,3.888888889,5.111111111,5.0,5.333333333,4.444444444,4.888888889,4.555555556,5.333333333,4.333333333
217,2021-09-01T12:50:13Z,995,640,457.333,428,40.0,0,unpopular,0,1,0,0,0,0,0,0,107.6660156,0.002126218,1431.493517,143.3679749,64.71390031,7.202181927,0.49338202,0.010932953,0.19992726,0.019679315,0.109353821,50.13111111,1.0,0.327099728,1.632073333,13.31599556,7.162864444,11.97681778,19.12321556,9.381117778,9,3.182077808,2.202614379,2.078431373,2.264705882,2.546218487,1.0,0.0468,10_78,2.555555556,2.222222222,1.666666667,2.555555556,2.777777778,2.222222222,1.666666667,2.0,2.111111111,2.444444444,2.888888889,2.555555556,2.0,2.0,2.333333333,1.888888889,1.555555556
225,2023-01-06T17:20:35Z,1350,1080,59.033,2601,384.0,26,unpopular,1,0,0,0,0,0,0,0,69.83741554,0.019846344,1455.642797,52.0925747,164.1386824,4.390001196,0.064973823,0.050819033,0.332770563,0.169396778,0.068097505,40.0,1.0,0.011741029,2.621,7.255666667,0.482111111,69.51211111,15.16233333,0.050222222,8,3.653856652,3.992647059,4.264705882,3.176470588,4.058823529,3.970588235,0.3011,10_85,5.0,3.25,1.625,4.625,3.875,3.125,4.375,4.375,4.375,3.5,4.75,4.25,3.25,4.5,5.25,3.875,3.875
227,2023-04-05T18:52:54Z,1333,750,42.284,3574,337.0,42,unpopular,1,0,0,0,0,0,0,0,107.6660156,0.229496896,2078.098698,123.5502352,53.54198113,6.580597429,0.226464803,0.236496074,0.099170693,1.158830763,0.033495566,22.08450704,0.0,0.237206236,2.055830986,12.25983099,0.071478873,24.26604225,19.82926761,1.191126761,8,3.774852759,3.066176471,3.549019608,2.776470588,3.361344538,1.0,0.3953,10_87,3.875,2.625,1.375,3.25,2.0,3.25,3.875,3.625,2.875,2.625,3.375,3.25,2.5,4.0,2.5,3.375,3.75
257,2014-04-08T17:18:51Z,640,640,14.0,0,2.0,0,unpopular,0,0,1,0,0,0,0,0,172.265625,1.02e-06,3365.531657,166.5824532,124.1973016,7.362139981,0.545636471,0.142857143,0.44568375,0.142857143,0.221650214,44.33333333,0.0,0.112794412,0.690333333,6.34,0.100166667,12.6175,0.8015,53.62416667,10,2.672683779,1.935294118,1.823529412,2.047058824,1.897058824,2.088235294,0.0002,2_113,1.9,1.6,1.2,2.5,2.0,2.0,1.9,2.0,2.0,1.6,3.2,1.8,1.6,1.7,1.8,1.7,2.4
263,2021-06-25T11:13:34Z,1333,750,29.766,1908,337.0,25,unpopular,1,0,0,0,0,0,0,0,129.1992188,0.051970858,2374.941094,119.8368977,76.03993289,7.570528315,0.364594344,0.235167641,0.141740495,0.201572264,0.204931801,25.18181818,0.5,0.022125167,13.89318182,6.342590909,0.139272727,13.577,19.28131818,0.888272727,10,3.527332388,3.676470588,3.729411765,3.623529412,3.720588235,3.647058824,0.227,2_119,4.4,3.5,1.8,4.0,2.2,3.6,4.4,4.0,3.5,2.6,4.4,3.4,4.0,4.7,4.6,3.3,4.1
269,2022-09-24T15:00:07Z,1333,750,21.1,471272,30211.0,1224,popular,0,0,1,0,1,0,0,1,99.38401442,0.064160362,2276.998979,44.23935587,179.6206604,4.546351448,0.089976732,0.047393365,0.99842019,0.047393365,0.990521327,41.72727273,0.0,0.023316801,4.971181818,11.00527273,2.084454545,0.308863636,1.434090909,9.713727273,9,3.066720477,2.941176471,2.647058824,3.308823529,2.68627451,3.450980392,50.2707,2_16,2.888888889,2.888888889,1.888888889,3.222222222,3.555555556,3.222222222,2.555555556,2.777777778,2.444444444,2.555555556,3.222222222,2.888888889,3.111111111,2.888888889,3.555555556,3.111111111,3.222222222
279,2023-01-05T17:03:26Z,1333,750,44.9,3054727,112558.0,10020,popular,0,0,1,0,1,0,0,1,123.046875,0.080369897,2466.381272,37.79333124,182.0414222,4.659921675,0.183259289,0.378619154,0.058081142,0.890868597,0.051447661,34.13829787,0.0,0.018622412,2.132085106,8.288734043,0.268510638,69.44895745,2.327574468,2.57643617,7,4.003960812,3.831932773,4.058823529,3.741176471,3.411764706,4.882352941,317.7305,2_25,4.857142857,3.428571429,2.428571429,4.714285714,3.714285714,4.142857143,4.428571429,3.857142857,4.0,3.857142857,4.571428571,4.142857143,3.571428571,2.571428571,4.285714286,4.0,2.571428571
282,2022-12-31T15:16:04Z,1333,750,13.4,161146,23797.0,372,popular,0,0,0,0,0,0,1,0,117.4538352,0.053935092,2054.997998,121.598001,72.81552239,7.377103792,0.022535775,0.074626866,0.997512388,0.0,0.0,,,,,,,,,,6,3.667099735,3.578431373,2.617647059,4.058823529,3.205882353,3.764705882,18.5315,2_28,3.5,4.166666667,2.0,3.833333333,4.166666667,4.0,5.166666667,3.166666667,3.166666667,3.5,3.5,3.666666667,4.5,2.0,4.0,3.666666667,2.833333333
285,2021-05-25T13:37:43Z,1333,750,29.666,15444,3221.0,25,popular,0,1,0,0,0,0,0,0,172.265625,0.186727419,414.337106,120.3284431,88.91577181,7.110379953,0.373544317,0.235960359,0.141736736,0.101125868,0.142699836,26.78571429,0.714285714,0.18821953,0.242714286,0.218428571,11.6555,5.118214286,1.302785714,32.08557143,8,3.675464814,4.051470588,3.705882353,4.166666667,3.931372549,4.411764706,1.869,2_30,3.875,4.625,2.375,4.0,4.625,3.75,4.5,4.5,3.0,3.5,3.75,4.625,3.75,4.875,4.375,4.625,4.125
300,2022-10-18T15:47:31Z,848,480,73.933,129260,23154.0,469,popular,0,0,0,1,0,0,0,0,107.6660156,0.008536041,1926.879943,155.4151272,43.84454054,4.370502375,0.069426418,0.054103039,0.249550268,0.094680319,0.334472718,39.96449704,0.0,0.08458362,1.810420118,2.341698225,0.265792899,34.13128402,3.761928994,3.098076923,8,3.315590006,2.852941176,3.450980392,2.494117647,3.023529412,2.568627451,15.2883,2_44,3.0,2.625,1.0,2.75,3.75,2.875,3.125,3.25,2.75,2.875,3.25,3.25,3.25,2.375,3.625,2.625,2.125
311,2022-06-10T21:32:47Z,1333,750,58.133,26068,2842.0,52,popular,1,0,0,0,0,0,0,0,161.4990234,0.095741622,1308.492406,169.4907818,60.00388316,7.365993904,0.212495834,0.154817401,0.110602058,0.103211601,0.165138562,42.33898305,0.0,0.217877975,0.338,0.945525424,0.157864407,2.306694915,0.997271186,0.07820339,7,3.567795464,3.159663866,2.568627451,3.602941176,2.529411765,4.0,2.8962,2_54,3.142857143,2.571428571,3.428571429,3.142857143,3.142857143,2.285714286,3.285714286,3.285714286,3.714285714,2.714285714,3.714285714,3.0,2.857142857,3.714285714,3.285714286,3.0,3.428571429
322,2022-03-17T14:24:22Z,1333,750,6.733,62306,8839.0,5,popular,0,1,0,0,0,0,1,0,129.1992188,1.06e-08,1142.252141,135.0682561,68.17852941,7.574582749,0.497376845,0.148522204,0.995098767,0.445566612,0.603990297,25.92307692,0.538461538,0.08128087,0.018846154,0.276615385,6.316307692,38.78623077,0.761538462,7.614076923,7,2.792413295,2.260504202,3.137254902,1.602941176,1.745098039,2.647058824,7.115,2_64,2.142857143,2.285714286,1.714285714,2.142857143,2.285714286,1.857142857,2.142857143,2.857142857,2.285714286,2.142857143,2.571428571,3.0,1.857142857,2.714285714,1.857142857,2.285714286,2.285714286
325,2022-08-04T11:51:19Z,1920,1080,21.1,123115,15088.0,46,popular,0,1,0,0,0,0,1,0,151.9990809,0.028017325,1641.885797,128.8071733,107.1916981,7.333803804,0.25984228,0.805687204,0.057243741,0.805687204,0.04153889,25.35,0.45,0.112267417,4.17305,1.22745,6.0126,38.28985,7.2738,10.48655,7,4.166691123,4.773109244,5.294117647,3.470588235,4.117647059,5.035294118,13.8249,2_67,4.857142857,5.571428571,3.857142857,5.142857143,5.285714286,4.857142857,6.142857143,5.0,3.0,4.857142857,4.285714286,5.428571429,3.714285714,5.0,4.857142857,5.0,4.285714286
340,2022-12-06T00:01:10Z,1920,1080,45.568,145043,15813.0,130,popular,0,0,0,0,0,0,0,1,99.38401442,0.033484425,557.9729956,120.4190397,36.09210526,7.48223688,0.133833307,0.175561798,0.124081963,1.294768258,0.031913564,34.64615385,0.076923077,0.013493131,4.171923077,1.416276923,2.947923077,11.16455385,6.670984615,11.14847692,9,4.058852815,4.496732026,4.31372549,4.862745098,4.529411765,4.455882353,16.0986,2_80,4.444444444,5.333333333,3.888888889,4.333333333,5.222222222,3.666666667,5.111111111,4.666666667,3.777777778,3.444444444,3.777777778,4.555555556,4.888888889,5.0,5.333333333,4.666666667,4.333333333
350,2022-08-24T07:24:21Z,1137,640,10.9,7109,535.0,0,popular,0,0,0,0,0,1,0,0,129.1992188,0.2274407,1779.154933,189.1059663,109.918,5.50050502,0.482238005,0.091743119,0.996941835,0.275229358,0.091743119,34.0,0.0,0.001965153,0.534333333,60.735,5.388,9.962666667,2.390666667,3.261666667,8,3.655532647,4.691176471,5.607843137,4.141176471,4.401960784,5.558823529,0.7644,2_9,5.25,5.25,2.25,5.125,4.375,4.5,5.125,5.0,4.125,3.875,4.75,4.375,5.125,5.0,5.75,5.375,4.5
353,2017-11-16T18:50:10Z,750,750,15.1,74,12.0,2,unpopular,0,1,0,0,0,0,0,0,129.1992188,0.0,3938.294693,98.44390294,61.61605263,7.239280991,0.421952839,0.132450331,0.497792517,0.0,0.0,,,,,,,,,,8,3.495802792,3.264705882,3.862745098,2.905882353,2.529411765,4.490196078,0.0088,2_92,3.875,3.75,2.625,3.625,3.875,3.125,3.375,3.0,2.375,3.25,3.25,4.0,3.25,3.0,3.5,2.75,2.875
362,2023-01-10T01:40:15Z,1333,750,68.4,21910,2687.0,116,popular,0,0,0,1,0,0,0,0,123.046875,0.039669961,1696.390255,84.26336264,81.49611111,6.469795945,0.21059459,0.277777778,0.05214425,0.716374269,0.028822055,45.84615385,0.145833333,0.115742239,7.475901099,7.979659341,2.540747253,16.34026374,11.86912088,2.405175824,8,4.202805104,3.676470588,3.5,3.735294118,3.774509804,3.382352941,2.4713,3_10,3.625,4.125,2.25,3.125,3.625,3.375,4.25,3.75,3.875,3.5,3.125,3.625,4.0,4.25,5.0,3.375,3.625
370,2023-02-14T08:08:53Z,1333,750,43.3,2935,540.0,19,unpopular,1,0,0,0,0,0,0,0,135.9991776,0.031620655,1242.432244,112.2936985,6.904101382,6.997381916,0.0,0.023094688,0.999230162,0.092378753,0.018475751,,,0.007236471,,,,,,,9,3.836801014,3.732026144,2.901960784,4.147058824,3.901960784,3.392156863,0.3494,3_107,4.888888889,3.222222222,2.333333333,4.222222222,3.444444444,3.0,4.666666667,4.333333333,3.333333333,2.666666667,4.444444444,3.888888889,3.222222222,3.777777778,4.666666667,4.111111111,3.222222222
372,2017-06-30T23:14:11Z,360,640,36.395,36,47.0,3,unpopular,0,0,0,0,0,0,1,0,123.046875,0.0,4890.047881,106.0419539,71.83587912,7.00883086,0.026850771,0.054952603,0.499152809,0.219810414,0.016485781,47.0,0.0,0.012154086,0.226,43.513,0.422,46.906,0.959,0.341,11,3.44780867,3.315508021,3.647058824,2.917647059,3.697478992,2.647058824,0.0086,3_109,2.909090909,3.272727273,2.727272727,3.090909091,3.181818182,3.727272727,3.636363636,2.545454545,2.363636364,3.363636364,3.0,3.727272727,3.363636364,4.272727273,3.272727273,3.727272727,4.181818182
381,2023-04-08T22:45:10Z,1920,1080,56.471,4666,744.0,48,unpopular,1,0,0,0,0,0,0,0,143.5546875,0.005470654,1531.739141,109.6617939,57.47597173,7.51257578,0.350898771,0.017708204,0.998742718,0.017708204,0.998742718,33.47368421,1.0,0.352618726,0.107614035,0.16277193,0.434964912,70.74515789,2.004280702,3.776421053,9,3.391351721,3.692810458,3.56302521,4.147058824,5.882352941,3.419117647,0.5458,3_117,3.555555556,3.777777778,2.777777778,3.0,4.444444444,3.777777778,3.444444444,3.888888889,3.222222222,3.555555556,3.444444444,3.666666667,3.222222222,3.888888889,4.777777778,4.111111111,4.222222222
394,2022-11-20T21:39:27Z,1333,750,28.1,2076533,178147.0,1707,popular,0,0,1,0,1,0,0,1,107.6660156,0.007791698,2068.471447,71.11732618,97.90489362,7.045921362,0.308694534,0.284697509,0.123813746,1.03202847,0.065406798,31.86792453,0.547169811,0.027876422,1.603754717,1.923320755,31.49109434,24.01901887,1.33490566,6.884509434,7,3.636706072,2.87394958,3.764705882,2.517647059,2.8,3.058823529,225.6387,3_20,4.142857143,2.0,1.142857143,2.714285714,2.142857143,3.0,3.857142857,2.857142857,2.857142857,2.428571429,3.142857143,3.142857143,2.857142857,3.0,3.285714286,2.857142857,3.428571429
426,2022-10-15T07:28:31Z,1333,750,13.766,2773207,522962.0,1213,popular,0,0,1,0,0,0,0,0,83.35433468,0.03185584,1428.214454,99.93906016,118.3242029,5.923511319,0.000503,0.217928229,0.330928035,0.072642743,0.239721052,30.0,0.0,0.04554914,28.13266667,3.883333333,7.511333333,8.887333333,0.766,20.428,10,3.725495319,4.4,4.019607843,4.970588235,4.835294118,3.964705882,329.7382,3_5,3.1,4.3,2.9,4.0,4.8,5.0,5.4,3.7,4.5,4.8,3.1,4.9,5.2,5.1,5.3,4.5,4.2
432,2022-10-14T16:25:47Z,1333,750,24.166,148353,1577.0,25,popular,0,0,0,0,1,0,0,0,103.359375,0.025522554,982.7886828,116.2572537,54.48826446,7.334183857,0.102686381,0.372424067,0.109734834,0.082760904,0.035173384,35.0,0.0,0.002864919,0.193,0.022,0.004,0.187,0.004,0.022,8,3.643893122,2.617647059,2.470588235,2.764705882,2.676470588,2.598039216,14.9955,3_55,2.25,2.75,1.375,2.375,1.75,2.875,3.5,3.0,2.25,1.625,2.5,3.25,2.0,4.25,2.125,3.0,3.625
434,2021-11-19T00:08:38Z,1333,750,28.366,147222,9300.0,22,popular,0,0,0,0,0,1,0,0,129.1992188,0.009927938,2099.889511,110.8391545,55.76084507,7.596253378,0.201286296,0.28202778,0.123827822,0.528802087,0.044419375,28.125,0.75,0.028896541,3.6336875,12.249625,7.594375,14.8165,13.4155625,15.9421875,8,3.714473859,3.397058824,3.333333333,3.435294118,4.617647059,2.990196078,15.6544,3_57,2.75,4.125,1.875,2.375,2.5,3.75,5.25,2.625,1.875,4.875,2.25,3.625,4.0,4.75,2.625,5.25,3.25
448,2022-05-06T21:07:42Z,1137,640,21.566,64529,9223.0,199,popular,0,0,0,1,0,0,0,0,99.38401442,0.017085968,1809.937699,134.9326894,49.2012037,7.052230054,0.128994632,0.09273857,0.49846979,0.046369285,0.018547714,,,0.0025666,,,,,,,10,3.66351102,3.541176471,4.196078431,3.260504202,2.970588235,3.921568627,7.3951,3_7,4.5,4.6,2.1,3.7,3.2,3.6,3.5,3.6,3.1,3.0,4.4,3.9,4.0,2.7,4.1,3.4,2.8
459,2022-07-30T19:17:57Z,1333,750,5.0,79751,9886.0,1095,popular,0,0,0,1,0,0,0,0,117.4538352,0.084351256,1549.058983,80.77985312,13.206,3.624437272,0.033037413,0.2,0.9933332,0.2,0.98,,,0.116442767,,,,,,,8,2.72506101,2.125,2.588235294,1.970588235,3.294117647,1.423529412,9.0732,3_8,1.75,2.25,1.625,1.75,1.875,2.125,3.125,1.5,2.125,1.5,2.5,1.75,2.375,2.375,3.5,1.625,2.375
464,2018-10-01T10:48:12Z,408,612,6.04,881,141.0,6,unpopular,0,0,0,0,1,0,0,0,,,,159.7283512,145.9506452,6.342554353,0.048712198,1.986754967,0.077722489,2.152317881,0.106979114,31.5,0.1,0.030275823,0.2578,2.1454,0.0065,92.1283,0.0121,0.0405,7,3.298539012,2.420168067,2.058823529,2.691176471,1.808823529,3.235294118,0.1028,3_84,1.571428571,1.285714286,1.0,2.142857143,2.428571429,1.571428571,3.714285714,3.285714286,4.428571429,3.428571429,3.142857143,2.428571429,2.571428571,1.0,3.285714286,2.857142857,1.0
473,2021-12-02T06:26:11Z,1333,750,459.233,1313,45.0,12,unpopular,0,0,0,0,0,1,0,0,107.6660156,0.064525813,2137.953357,213.0852308,44.73813235,4.392453421,0.190300528,0.021775439,0.099927487,0.004355088,0.499855193,32.29122056,0.978586724,0.09050424,1.333995717,3.650625268,5.79962955,11.63062955,8.610650964,30.36697645,9,3.767013711,4.60130719,4.529411765,4.658823529,4.658823529,4.529411765,0.137,3_92,5.666666667,5.888888889,3.444444444,5.666666667,6.222222222,5.111111111,3.555555556,5.222222222,2.333333333,3.888888889,4.777777778,6.222222222,5.333333333,1.888888889,5.444444444,5.777777778,1.777777778
477,2021-04-15T18:55:08Z,1920,1080,178.266,12082,533.0,48,unpopular,0,0,0,0,0,0,1,0,135.9991776,0.000133,2171.822293,125.6391863,79.99353139,7.181510654,0.36704053,0.510473113,0.010802067,0.420719599,0.009065105,34.39344262,1.0,0.116820534,3.236868852,1.512606557,1.840262295,46.60609016,6.995352459,8.859885246,8,3.87230085,3.676470588,4.164705882,2.862745098,4.517647059,2.274509804,1.2663,3_96,4.375,3.5,1.75,4.25,3.25,3.25,5.25,4.125,3.0,3.5,4.0,4.25,2.75,3.0,3.375,4.375,4.5
492,2016-12-09T05:21:48Z,422,750,3.55,518,127.0,6,unpopular,0,0,0,0,0,1,0,0,,,,47.92067274,48.90666667,5.874097882,0.167268937,0.281690141,0.986902254,1.408450704,0.135346648,25.0,0.0,0.044770951,0.0298,0.0734,0.2924,51.4158,0.0658,0.1478,8,3.296081417,2.683823529,4.029411765,2.235294118,2.632352941,2.735294118,0.0651,4_109,3.25,2.375,1.625,2.875,3.25,3.375,3.5,3.125,2.25,2.375,2.75,3.125,2.25,1.875,2.25,3.5,1.875
498,2021-10-23T02:51:25Z,995,640,417.233,64,3.0,2,unpopular,0,0,0,1,0,0,0,0,172.265625,0.000228,2015.999041,107.748225,117.9873886,7.113371855,0.256482879,0.158184995,0.015071636,0.455381046,0.007135985,28.63705104,0.034026465,0.124718803,13.00062382,3.796219282,15.94003025,8.857003781,9.018285444,18.08788847,9,3.842308516,3.575163399,3.952941176,3.102941176,3.611764706,3.529411765,0.0069,4_114,3.333333333,3.666666667,2.444444444,3.555555556,3.222222222,3.888888889,4.111111111,3.444444444,2.888888889,3.888888889,3.555555556,3.444444444,3.666666667,4.0,4.222222222,3.666666667,3.777777778
507,2022-10-06T17:59:01Z,1333,750,6.5,184016,4429.0,84,popular,0,0,1,0,1,0,0,1,143.5546875,0.35259968,2814.59621,127.6793213,81.33393939,7.427608347,0.349100057,1.230769231,0.119871788,0.0,0.0,,,,,,,,,,8,3.737211768,3.117647059,2.931372549,3.676470588,3.558823529,2.970588235,18.8529,4_14,3.125,2.875,1.375,3.0,2.125,3.375,3.5,3.625,1.875,2.625,3.75,2.875,2.875,4.875,2.875,3.75,4.5
511,2022-11-09T16:05:30Z,1333,750,23.566,2087894,53384.0,3526,popular,0,0,1,0,1,0,0,1,143.5546875,0.080133758,1599.021299,59.46082865,171.8129661,4.860007252,0.185832083,0.212170076,0.198591174,0.509208181,0.079563778,37.69230769,0.461538462,0.006987174,4.542115385,9.033076923,2.426,18.59707692,4.315846154,15.16523077,8,3.624232724,3.0,3.035294118,2.941176471,2.941176471,3.035294118,214.4804,4_18,3.0,2.875,2.25,3.0,2.625,2.5,3.5,2.875,3.0,2.75,3.25,3.125,3.375,3.0,4.0,3.125,2.75
520,2023-02-16T17:22:10Z,1919,1080,27.864,54806,6172.0,192,popular,0,0,0,1,0,0,0,0,143.5546875,2.24e-05,1018.702586,216.0816699,19.86798561,2.612469288,0.044771027,0.071777204,0.497655272,0.107665805,0.179443009,54.84615385,0.461538462,0.001875013,2.033076923,11.96323077,0.863615385,7.746461538,9.050923077,1.193615385,9,3.552233165,4.307189542,4.117647059,4.401960784,3.852941176,5.215686275,6.117,4_26,5.0,5.111111111,3.555555556,5.111111111,5.0,4.222222222,4.666666667,4.666666667,3.444444444,4.555555556,4.111111111,4.666666667,4.333333333,2.444444444,4.444444444,4.888888889,3.0
524,2020-12-20T00:09:55Z,1920,1080,9.8,56515,9697.0,136,popular,0,0,0,1,0,0,0,0,135.9991776,0.0,2064.238036,97.74683328,47.81122449,7.348355346,0.210360442,0.102040816,0.996598571,0.306122449,0.051020408,,,0.040536068,,,,,,,8,3.576274879,3.889705882,4.058823529,3.833333333,3.882352941,3.901960784,6.6348,4_3,3.375,3.375,2.375,3.5,4.125,4.125,4.5,3.125,2.875,3.5,3.75,4.125,4.125,5.375,4.25,4.25,5.375
525,2022-08-23T20:02:39Z,1138,640,54.466,35105,5565.0,50,popular,0,0,1,0,0,0,0,1,135.9991776,0.0,1181.981945,105.3611477,75.66468864,7.004885478,0.278397541,0.275401168,0.066055484,0.569162413,0.017234783,23.9047619,0.24,0.018467664,3.506904762,7.004190476,4.531238095,2.129571429,7.017857143,44.47585714,10,4.618194457,5.311764706,5.323529412,5.294117647,4.808823529,5.647058824,4.072,4_30,5.4,6.1,2.9,5.2,6.1,5.0,5.9,5.9,4.2,4.5,4.8,6.1,5.4,5.4,5.8,6.0,5.6
528,2023-01-25T12:20:52Z,750,750,91.266,146967,10053.0,125,popular,0,0,1,0,0,0,0,1,151.9990809,0.00163519,1831.873854,63.71732414,100.2967834,5.536315024,0.268494551,0.482107247,0.022362208,0.898472597,0.012159579,31.39393939,0.5,0.124533257,6.148409091,1.991712121,4.076909091,36.77625758,10.80362121,3.731666667,9,4.685017283,5.248366013,4.852941176,6.039215686,5.105882353,5.426470588,15.7145,4_33,5.333333333,6.0,3.888888889,4.222222222,5.222222222,5.777777778,5.555555556,5.888888889,5.111111111,5.0,4.111111111,5.555555556,5.222222222,5.666666667,5.444444444,5.666666667,5.555555556
531,2022-11-26T18:20:44Z,1333,750,53.128,245834,9938.0,293,popular,0,0,1,0,0,0,0,0,143.5546875,0.073089905,1832.842072,51.38933742,48.48597744,6.581705714,0.200345301,0.075289866,0.249240819,0.338804397,0.097876826,29.2875,0.125,0.038641407,2.4855125,4.37485,11.4110375,14.447425,8.5961625,17.4003875,8,3.497085153,2.470588235,3.568627451,1.811764706,4.352941176,2.201680672,25.6065,4_36,2.625,2.25,1.25,2.875,2.0,3.125,3.125,2.75,2.75,2.125,2.375,2.75,2.25,2.0,2.25,2.625,2.875
534,2022-09-30T14:59:39Z,1920,1080,32.066,3602802,76456.0,776,popular,1,0,1,0,0,0,0,0,135.9991776,0.130050629,1693.237172,112.1273585,58.8636646,6.795017049,0.241478034,0.218299757,0.141820584,0.467785193,0.051560323,32.4,0.28,0.015693856,2.2512,5.6972,1.6488,32.21824,3.79312,7.3872,8,3.900461602,4.647058824,4.37254902,4.811764706,4.811764706,4.37254902,368.0034,4_39,4.5,4.5,3.125,3.625,4.0,4.625,5.375,5.875,4.625,3.625,4.125,4.875,5.625,5.625,5.5,4.625,4.75
537,2022-08-22T07:10:17Z,1920,1080,39.666,557176,34295.0,836,popular,0,1,0,0,0,0,0,1,107.6660156,0.033919096,1331.217339,92.58840314,47.52020101,6.496531108,0.234584593,0.252105077,0.099161332,0.151263046,0.056723642,38.3,0.2,0.017571235,5.5681,3.3142,8.7952,10.6768,10.8766,4.5863,10,3.990982969,3.982352941,3.514705882,4.294117647,4.220588235,3.823529412,59.2307,4_41,4.4,4.4,3.0,3.8,4.0,3.6,5.2,4.0,4.4,3.6,4.1,4.0,4.5,3.4,3.9,4.0,3.4
542,2022-03-14T19:06:00Z,1333,750,42.6,104845,12082.0,243,popular,0,0,0,1,0,0,0,0,117.4538352,0.072448403,1353.981346,224.7503068,21.62244131,3.114391474,0.022179512,0.093896714,0.249217518,0.14084507,0.27856025,26.96666667,0.0,0.007955714,0.913166667,2.370166667,12.04005,64.47596667,12.46133333,1.393866667,9,3.545450087,4.496732026,4.058823529,4.847058824,4.470588235,4.588235294,11.717,4_46,5.333333333,4.0,3.555555556,5.222222222,4.0,4.777777778,5.222222222,5.555555556,4.0,3.888888889,5.333333333,3.555555556,5.222222222,4.333333333,5.111111111,3.666666667,3.666666667
559,2022-12-07T02:05:05Z,1920,1080,59.414,700,87.0,0,popular,0,0,0,0,1,0,0,0,135.9991776,0.064012706,2703.541879,182.5227663,110.7012121,6.779774679,0.22080419,0.504931498,0.032745741,0.0,0.0,34.0,1.0,,51.452,1.244,0.375,1.37,35.432,5.158,8,4.130008978,4.757352941,4.725490196,4.852941176,4.505882353,5.176470588,0.0787,4_61,5.625,5.125,4.25,4.625,3.875,5.375,5.125,5.125,4.0,4.0,3.875,5.375,5.0,5.25,4.0,4.75,5.5
566,2022-06-09T11:39:34Z,1333,750,56.633,1038739,160321.0,1737,popular,0,1,0,0,0,0,1,0,99.38401442,1.77e-05,2206.811921,98.91667827,58.59109155,7.419440927,0.392813413,0.052972648,0.332746702,0.300178341,0.045494157,30.64864865,0.810810811,0.057208979,8.625783784,11.17794595,1.594702703,19.46808108,7.160351351,16.58459459,8,3.644459786,4.742647059,5.078431373,4.541176471,4.752941176,4.725490196,120.0797,4_68,5.25,4.75,2.375,4.75,4.875,4.375,4.5,4.5,5.0,3.875,5.625,5.125,5.875,4.5,6.25,4.625,4.375
582,2021-12-21T22:47:38Z,1333,750,60.0,2115659,196373.0,351,popular,0,0,0,0,0,0,1,0,89.10290948,0.010240109,2421.500398,112.2685068,89.845,7.465789293,0.282961838,0.133333333,0.124444442,0.616666667,0.09036036,27.42564103,0.307692308,0.031924161,1.03074359,1.070297436,1.052010256,40.98449231,2.651641026,33.33097949,9,3.544208057,3.058823529,3.235294118,2.838235294,3.352941176,2.470588235,231.2383,4_82,2.777777778,2.888888889,2.555555556,2.888888889,3.0,3.333333333,3.111111111,3.444444444,3.0,3.333333333,3.444444444,3.777777778,2.777777778,3.111111111,3.333333333,2.555555556,2.666666667
609,2021-11-24T03:19:03Z,1333,750,22.666,8201,1391.0,15,unpopular,0,0,1,0,0,0,0,0,117.4538352,2.68e-11,2908.539614,89.29794686,141.645,6.146437654,0.18604278,0.308832613,0.141390705,0.66178417,0.105003088,29.78125,0.21875,0.165771266,0.4601875,2.73203125,8.92275,20.29540625,6.3661875,8.3341875,8,3.5546715,3.242647059,4.5,2.823529412,3.102941176,3.382352941,0.9607,5_106,3.375,3.0,2.25,3.375,2.75,3.625,3.875,3.75,3.875,2.875,3.25,2.75,3.0,2.875,4.125,3.625,2.75
624,2022-08-29T19:08:17Z,1920,1080,29.766,1731758,71794.0,2186,popular,0,0,1,0,1,0,0,1,112.3471467,0.125900224,998.6599157,55.28217837,91.10832215,5.671839372,0.210505828,0.302358395,0.109993755,0.335953773,0.093731103,52.07407407,0.037037037,0.074228398,12.7472963,0.090259259,0.600259259,33.21055556,0.278740741,0.919407407,8,3.959562523,4.485294118,5.019607843,4.164705882,4.147058824,4.823529412,180.5738,5_12,3.5,5.25,2.5,4.625,5.5,4.25,4.875,3.5,4.25,2.875,4.625,4.625,5.5,5.75,5.375,4.75,4.5
643,2022-07-21T18:34:02Z,1920,1080,21.333,383048,31792.0,2822,popular,0,0,1,0,0,0,0,0,184.5703125,0.009963952,1154.736544,96.44747246,85.93588785,7.437550694,0.022536881,0.046875732,0.998453101,0.046875732,0.998453101,72.13636364,0.0,0.061120004,0.566590909,5.328727273,0.503045455,19.1475,17.61981818,0.637227273,9,3.059298558,2.477124183,1.941176471,2.745098039,3.235294118,2.382352941,41.7662,5_29,3.444444444,3.333333333,1.444444444,3.222222222,2.666666667,2.333333333,3.555555556,2.444444444,2.222222222,2.111111111,2.333333333,2.444444444,2.0,2.222222222,2.444444444,2.0,1.888888889
650,2020-08-28T02:38:33Z,1334,750,14.733,181744,28175.0,315,popular,0,0,0,1,0,0,0,0,151.9990809,0.002796504,2173.48547,190.8392527,40.66243243,4.196180616,0.186469756,0.067874839,0.99776013,0.067874839,0.99776013,62.4,1.0,0.06265231,0.168066667,5.780933333,2.090666667,0.353066667,3.2852,25.81766667,8,3.013394234,2.617647059,2.602941176,2.632352941,2.602941176,2.632352941,21.0234,5_35,2.25,2.375,2.625,2.0,2.375,2.75,1.75,2.625,2.375,3.0,2.125,2.625,3.25,2.625,4.625,3.0,2.125
657,2022-09-06T19:09:30Z,1333,750,18.333,157540,4770.0,28,popular,0,0,0,0,0,1,0,0,161.4990234,0.149342775,2141.826709,158.9729285,99.8251087,7.471114144,0.422758754,0.927289587,0.057006392,0.0,0.0,,,,,,,,,,8,3.841440765,3.132352941,3.441176471,2.823529412,3.470588235,2.929411765,16.2338,5_41,3.125,3.875,1.125,2.875,1.625,3.125,5.125,4.125,3.625,3.375,2.5,3.75,1.75,3.875,2.25,3.5,3.625
662,2021-09-17T00:13:05Z,1920,1080,15.0,99958,1997.0,55,popular,0,0,0,0,1,0,0,0,129.1992188,0.336372316,1393.610418,143.33098,53.04426667,7.581564108,0.238700767,0.066666667,0.997777733,0.0,0.0,,,,,,,,,,9,3.560767158,2.333333333,3.117647059,2.109243697,2.286764706,2.705882353,10.201,5_46,2.222222222,2.555555556,1.222222222,2.111111111,2.0,2.222222222,2.666666667,2.555555556,2.888888889,1.555555556,1.888888889,2.333333333,2.0,4.111111111,1.777777778,2.333333333,3.222222222
667,2022-10-13T15:20:17Z,1920,1080,9.333,112852,6746.0,2599,popular,0,0,0,1,0,0,0,0,86.1328125,0.01649341,1868.006455,181.422239,30.50170213,5.001350712,0.068634331,0.321440051,0.32977367,2.464373728,0.091307609,39.34615385,0.115384615,0.003336187,1.061961538,15.9625,8.313,5.676269231,2.390230769,24.83603846,10,3.527173117,3.8,4.223529412,3.376470588,3.680672269,4.078431373,12.2197,5_50,3.4,3.0,2.0,2.8,4.6,3.7,4.6,3.4,4.0,3.1,3.8,4.1,4.5,3.9,5.7,4.0,4.0
681,2022-12-08T16:17:42Z,1333,750,9.869,805344,143869.0,1052,popular,0,1,0,0,0,0,1,0,107.6660156,0.099307626,2705.277728,95.11288464,106.862,6.311974913,0.274319618,0.405309555,0.245718892,0.709291722,0.202654778,37.0,0.25,0.020958561,0.470166667,0.889416667,4.590916667,0.78425,33.62808333,28.0235,9,3.479922318,3.215686275,3.323529412,3.18487395,2.161764706,4.058823529,95.0265,5_63,3.222222222,2.888888889,1.444444444,3.111111111,3.555555556,3.111111111,3.333333333,3.333333333,2.222222222,2.555555556,3.888888889,3.333333333,3.111111111,4.333333333,3.888888889,3.888888889,3.444444444
690,2021-09-10T15:56:29Z,1137,640,9.033,1807036,151065.0,549,popular,0,0,0,0,0,0,1,0,117.4538352,0.12652275,2247.310829,104.6400579,63.66413043,7.487232942,0.530215793,0.110705192,0.996346729,1.328462305,0.210339865,26.42307692,0.269230769,0.011902827,2.951846154,1.221769231,0.365730769,17.51380769,5.265307692,15.75357692,9,3.351076694,3.54248366,3.988235294,2.985294118,2.794117647,4.141176471,195.865,5_71,3.111111111,2.555555556,1.555555556,2.444444444,2.555555556,3.888888889,4.777777778,3.777777778,3.666666667,4.222222222,3.444444444,3.666666667,3.222222222,4.777777778,4.0,4.444444444,4.111111111
701,2022-01-25T11:47:54Z,1333,750,22.866,27,16.0,2,unpopular,0,1,0,0,0,0,0,0,129.1992188,0.149624184,2501.45112,119.2775396,38.47826087,4.452756595,0.043912468,0.437330534,0.09854515,0.0,0.0,,,,,,,,,,8,3.77859755,2.786764706,3.455882353,2.117647059,3.794117647,2.450980392,0.0045,5_81,3.125,2.625,1.875,2.375,2.375,2.75,3.0,2.875,2.75,3.0,2.875,2.75,2.5,4.125,3.0,2.5,2.875
708,2023-03-21T19:46:46Z,1333,750,20.016,12545,1048.0,25,unpopular,0,0,0,0,0,1,0,0,112.3471467,0.156804204,2182.871312,89.42732693,121.5407,6.798239132,0.239665137,0.24980016,0.197841717,0.599520384,0.044131362,42.875,0.0,0.028663959,10.2855,0.64925,1.34325,0.8025,2.13325,6.80475,9,3.789566414,3.575163399,4.0,3.453781513,2.735294118,3.81512605,1.3618,5_88,4.222222222,3.666666667,2.0,3.555555556,2.888888889,3.777777778,3.666666667,3.222222222,3.0,2.888888889,3.888888889,4.222222222,3.777777778,4.333333333,3.333333333,3.666666667,4.666666667
712,2020-03-15T19:39:35Z,937,750,15.0,4436,150.0,17,unpopular,0,0,0,0,0,0,0,1,112.3471467,2.18e-05,2819.729247,189.2663188,92.67893333,7.114703431,0.203596255,0.133333333,0.497777733,0.266666667,0.285,29.3125,0.0625,0.01260432,0.526875,5.7613125,0.5775625,15.6919375,17.022125,15.2918125,9,3.162497622,3.908496732,4.31372549,3.705882353,3.81512605,4.235294118,0.4603,5_91,4.222222222,4.0,1.555555556,4.333333333,2.777777778,4.666666667,4.888888889,5.444444444,3.0,3.222222222,4.0,3.333333333,2.777777778,5.666666667,3.333333333,4.666666667,4.555555556
730,2022-06-30T15:13:57Z,1137,640,125.766,110,47.0,7,unpopular,0,0,0,0,0,0,1,0,117.4538352,0.073472314,3211.520261,157.4020782,51.77589825,6.934249807,0.219067201,0.111317844,0.071163907,0.079512746,0.099231907,24.57936508,1.0,0.266112939,32.49115079,6.679960317,0.5125,6.149150794,0.281285714,11.32725397,8,3.559251086,3.735294118,3.294117647,3.798319328,4.117647059,3.505882353,0.0164,6_107,4.875,4.625,2.25,5.0,3.75,3.375,3.625,4.0,2.0,2.875,4.125,4.375,4.0,3.625,3.875,4.0,3.125
736,2020-01-24T18:42:30Z,421,750,58.566,2790,404.0,25,unpopular,0,1,0,0,0,0,0,0,123.046875,1.66e-06,2092.262761,136.4202146,137.2084983,7.176415532,0.515743255,0.290270806,0.05825504,0.221971793,0.057791473,42.93333333,1.0,0.275073829,0.629333333,3.949711111,3.125222222,14.4246,5.764755556,38.9958,9,3.94275219,4.77124183,5.31372549,4.5,5.735294118,4.495798319,0.3219,6_112,5.333333333,5.111111111,3.0,5.111111111,3.666666667,5.444444444,5.333333333,5.222222222,5.0,3.555555556,4.777777778,5.666666667,4.333333333,5.444444444,4.555555556,4.555555556,5.0
742,2023-03-03T17:41:09Z,1920,1080,27.4,663,44.0,0,unpopular,0,0,0,0,0,0,0,1,95.703125,0.036095291,1726.942837,127.7469559,60.64379562,6.619709701,0.000931,0.145985401,0.24878344,0.0,0.0,33.0,0.0,,0.704,0.003,97.126,0.007,2.154,0.003,9,3.850141058,3.464052288,3.388235294,3.558823529,4.205882353,2.870588235,0.0707,6_118,4.0,4.333333333,2.555555556,3.444444444,3.333333333,3.222222222,3.666666667,4.222222222,2.333333333,2.555555556,3.111111111,4.444444444,2.444444444,4.888888889,3.333333333,2.777777778,4.222222222
775,2022-08-22T12:43:13Z,1350,1080,5.0,231237,32788.0,253,popular,0,0,0,0,0,1,0,0,0.0,0.0,0.0,194.5711798,14.352,4.26761804,0.011010425,0.2,0.9933332,0.0,0.0,30.4,0.2,,5.887,19.2012,68.1732,0.6228,0.349,3.7176,8,3.540156959,2.926470588,1.941176471,3.254901961,3.544117647,2.308823529,26.4278,6_4,4.25,2.875,2.25,3.625,2.75,2.875,3.375,3.75,2.5,2.75,4.125,2.75,2.625,1.875,2.5,2.75,2.125
793,2022-01-18T00:28:29Z,1920,1080,27.366,52495,2444.0,135,popular,0,0,0,0,1,0,0,0,107.6660156,0.002040425,2587.662979,149.3015675,59.87569343,6.84677577,0.189890324,0.475042023,0.075706888,0.036541694,0.105970913,24.33333333,0.0,0.177606932,0.414333333,3.367,27.681,32.50533333,0.019333333,33.73166667,9,3.557919234,3.183006536,3.573529412,2.870588235,2.741176471,3.735294118,5.5074,6_56,4.444444444,3.666666667,1.222222222,3.222222222,1.666666667,4.111111111,5.111111111,4.888888889,2.222222222,2.555555556,2.888888889,3.777777778,2.333333333,2.666666667,2.222222222,3.444444444,3.666666667
799,2020-09-02T12:23:55Z,1920,1080,15.0,2571440,486936.0,9215,popular,0,1,0,0,0,0,1,0,143.5546875,0.070045069,2284.819481,109.4919737,70.9152,7.467880032,0.135559278,0.133333333,0.497777767,0.4,0.093333333,68.2,0.0,0.070415184,7.3818,21.4138,0.1652,5.5528,24.4082,3.6674,9,3.569445492,4.267973856,4.450980392,4.176470588,4.019607843,4.392156863,306.7591,6_61,5.0,4.111111111,2.444444444,5.111111111,4.333333333,4.555555556,3.777777778,4.0,4.444444444,2.666666667,4.666666667,4.333333333,4.555555556,4.777777778,5.444444444,4.888888889,3.444444444
805,2022-08-24T17:25:16Z,1333,750,38.0,1016593,116046.0,565,popular,0,1,0,0,0,0,1,0,112.3471467,0.018138457,2190.537904,90.96978186,71.59126316,7.389635226,0.4955378,0.184210526,0.141979951,0.157894737,0.152192982,27.51428571,1.0,0.161980339,0.347342857,0.195971429,2.0838,15.63531429,32.17414286,0.8722,9,3.591015893,3.928104575,4.215686275,3.784313725,3.980392157,3.901960784,113.3204,6_67,5.111111111,5.111111111,2.333333333,4.444444444,4.666666667,3.666666667,4.555555556,4.666666667,3.777777778,3.222222222,4.333333333,4.222222222,3.333333333,3.222222222,3.777777778,3.333333333,3.0
814,2022-08-01T13:01:25Z,1333,750,5.0,190894,19188.0,131,popular,1,0,0,0,0,0,0,0,123.046875,0.116723761,825.5545644,250.7967732,0.0,1.058854711,0.0,0.2,0.9933332,0.0,0.0,,,,,,,,,,7,3.170422427,2.722689076,2.470588235,2.823529412,3.019607843,2.5,21.0213,6_75,3.285714286,3.428571429,2.571428571,3.428571429,3.285714286,2.571428571,2.285714286,2.857142857,2.0,2.142857143,3.571428571,2.428571429,1.857142857,2.428571429,2.571428571,3.0,2.571428571
831,2016-02-03T19:41:21Z,344,612,14.0,298,23.0,1,unpopular,0,0,0,0,0,0,1,0,103.359375,1.1e-05,2603.383337,166.3914291,44.62106667,4.987401504,0.170731868,1.142857143,0.064499022,1.214285714,0.059723584,39.16666667,0.5,0.116993641,6.693583333,1.70125,2.44725,3.97675,9.99375,7.641833333,9,3.471889382,3.078431373,2.929411765,3.264705882,2.37254902,3.431372549,0.0322,6_90,2.555555556,2.222222222,2.222222222,2.666666667,2.333333333,2.666666667,5.0,3.888888889,2.777777778,2.333333333,3.666666667,2.444444444,2.666666667,4.444444444,3.444444444,2.777777778,4.222222222
832,2023-04-07T21:04:13Z,1919,1080,17.276,19676,379.0,2,unpopular,0,0,0,0,0,0,1,0,161.4990234,0.198703751,2207.858363,135.2128565,81.84413793,7.480745344,0.11572548,0.057883769,0.995600834,0.289418847,0.101875434,24.66666667,1.0,0.010000352,13.39433333,19.18033333,0.315833333,48.20366667,0.0915,0.281166667,8,3.548362414,3.683823529,2.470588235,4.088235294,3.960784314,3.517647059,2.0057,6_91,3.25,3.25,2.625,3.375,3.875,3.0,4.75,3.75,3.5,3.0,3.375,3.625,3.375,5.375,4.625,3.5,4.375
833,2020-10-26T16:21:14Z,1920,1080,27.633,157,37.0,19,unpopular,0,1,0,0,0,0,0,0,107.6660156,0.005201613,438.3138564,205.3301868,36.32755396,4.440090828,0.195921294,0.398074766,0.089703901,0.21713169,0.052473492,34.64285714,0.928571429,0.24523932,0.443857143,0.376928571,0.448,60.5975,2.044357143,27.76557143,9,3.363993793,2.352941176,2.323529412,2.376470588,2.482352941,2.191176471,0.0213,6_92,2.0,2.111111111,1.333333333,2.222222222,1.555555556,2.555555556,2.777777778,2.555555556,3.333333333,1.555555556,2.555555556,2.0,2.666666667,2.777777778,2.888888889,2.222222222,2.888888889
845,2017-01-06T00:10:16Z,936,750,8.48,1427,188.0,24,unpopular,0,0,0,1,0,0,0,0,92.28515625,1.74e-05,1310.542698,103.049151,87.08976744,7.433873588,0.485716695,0.117924528,0.995492335,0.117924528,0.991557547,20.88888889,0.444444444,0.076302872,0.146777778,6.446888889,0.074666667,22.93055556,6.841222222,13.711,9,2.852009079,2.379084967,3.558823529,2.042016807,2.264705882,2.470588235,0.1639,7_102,2.111111111,2.333333333,1.555555556,2.222222222,2.0,2.666666667,3.666666667,2.777777778,1.888888889,2.888888889,2.111111111,2.555555556,2.444444444,2.333333333,2.555555556,2.555555556,1.777777778
856,2021-08-01T11:17:22Z,800,640,11.333,301,13.0,0,unpopular,0,0,1,0,0,0,0,0,117.4538352,0.172403932,2532.040008,116.7222075,59.62333333,7.393210753,0.052758155,0.264713668,0.330401865,0.441189447,0.148239654,25.28571429,0.0,0.059045258,92.99457143,0.062714286,0.106857143,0.065,0.369857143,0.058,8,3.549655631,4.316176471,5.102941176,3.529411765,4.450980392,4.235294118,0.0314,7_112,5.5,4.5,2.5,5.0,3.625,3.75,4.75,4.5,4.25,3.625,5.75,2.75,4.875,4.75,5.25,4.0,4.0
875,2022-12-05T19:18:00Z,1920,1080,15.033,2963997,270950.0,6201,popular,0,0,1,0,1,0,0,1,89.10290948,0.02011982,778.0220269,43.99029053,160.8568421,4.977937066,0.220092529,0.066520322,0.997804829,0.598682898,0.032521046,36.87096774,0.096774194,0.005127081,7.383,3.91,1.362193548,10.76048387,12.35935484,6.32883871,8,3.675708769,3.698529412,3.338235294,4.058823529,3.843137255,3.264705882,324.1148,7_21,4.0,3.25,1.75,3.875,3.5,4.5,4.5,4.0,3.5,3.125,4.125,3.75,3.5,3.875,3.5,4.0,4.125
902,2022-09-09T16:09:41Z,1333,750,46.533,50861,9052.0,72,popular,0,0,0,0,0,0,1,0,99.38401442,0.047536716,2687.841065,108.9103087,103.3715021,5.810902543,0.118820972,0.429802506,0.049284021,1.977091526,0.01438904,36.33333333,0.014084507,0.023855427,8.109395833,4.9035,1.5875,11.64570833,4.1784375,12.6856875,8,4.126506653,4.073529412,3.867647059,4.279411765,4.0,4.019607843,5.9985,7_46,4.625,4.25,2.625,3.375,3.5,4.5,5.375,4.375,4.125,3.25,3.5,4.375,4.125,4.5,4.375,4.25,4.125
914,2021-09-22T04:14:58Z,1920,1080,12.8,86998,1057.0,36,popular,0,0,0,0,1,0,0,0,47.8515625,0.182931036,954.6593514,138.4512485,56.65265625,7.547174932,0.148505232,0.078125,0.997395781,0.0,0.0,,,,,,,,,,8,3.588266331,2.022058824,2.338235294,1.705882353,2.725490196,1.6,8.8091,7_57,1.875,1.875,1.625,1.75,1.375,2.0,2.75,1.875,2.0,1.75,1.375,2.25,1.75,4.0,2.0,2.375,1.75
937,2022-08-04T07:42:20Z,1333,750,50.133,24638,1254.0,35,popular,0,0,0,0,0,0,0,1,129.1992188,0.033260904,1641.904227,63.08665132,59.17450199,5.217621071,0.157793212,0.299204117,0.066002211,0.538567411,0.046986128,28.98571429,0.042857143,0.075486267,2.268542857,11.62491429,3.927228571,45.86388571,3.511842857,18.6256,9,4.084518355,4.104575163,4.084033613,4.176470588,4.156862745,4.078431373,2.5927,7_78,5.444444444,2.666666667,1.888888889,4.555555556,3.444444444,4.333333333,4.666666667,5.0,3.444444444,3.0,5.222222222,3.555555556,3.555555556,4.777777778,4.333333333,4.888888889,5.0
949,2017-03-14T04:11:42Z,750,750,2.63,2850,98.0,11,unpopular,0,0,0,1,0,0,0,0,,,,147.5042642,56.80357143,7.41220928,0.287575231,0.380228137,0.98958251,0.380228137,0.98958251,34.0,1.0,0.042018234,0.015333333,1.777666667,0.015333333,0.453333333,0.016,60.316,8,2.811419093,2.985294118,3.411764706,2.558823529,3.411764706,2.924369748,0.2959,7_89,4.75,1.75,1.75,3.375,2.125,3.25,4.25,4.25,3.125,2.5,5.125,1.75,2.25,1.25,3.5,3.75,2.0
951,2021-07-10T14:44:15Z,1333,750,14.5,1292,184.0,3,unpopular,0,1,0,0,0,0,0,0,117.4538352,0.000185,1165.035919,81.3250929,142.4873973,7.265175702,0.168314263,0.068965517,0.997701103,0.827586207,0.087931034,36.41666667,0.083333333,0.002062498,8.96,7.75,0.7535,1.126083333,8.449333333,1.48725,9,3.666729867,4.405228758,3.907563025,6.147058824,4.088235294,4.658823529,0.1479,7_90,4.777777778,4.333333333,3.111111111,4.777777778,4.111111111,4.888888889,4.555555556,5.222222222,3.555555556,4.111111111,3.888888889,4.444444444,3.888888889,5.666666667,3.555555556,5.111111111,4.888888889
954,2020-05-11T11:03:57Z,1920,1080,251.866,1197,85.0,21,unpopular,0,0,0,0,0,1,0,0,99.38401442,3.6e-06,1975.634944,138.0373392,50.59222222,7.179495385,0.288675537,0.003970365,0.9998703,0.011911096,0.332981294,37.64285714,0.988095238,0.25359108,1.627174603,5.684015873,6.998892857,34.75112698,9.924321429,14.45886508,7,3.444708222,4.050420168,4.588235294,3.960784314,3.617647059,4.62745098,0.1303,7_93,4.857142857,5.0,3.285714286,4.571428571,5.428571429,4.142857143,2.571428571,4.285714286,2.428571429,4.285714286,4.571428571,5.142857143,4.571428571,2.428571429,4.142857143,4.714285714,2.428571429
980,2022-02-16T17:44:06Z,1913,1080,22.8,4233,582.0,43,unpopular,0,1,0,0,0,0,0,0,95.703125,0.100198127,1302.00205,146.3648863,91.09017544,7.372610628,0.24919485,0.307017544,0.14139515,0.219298246,0.080701754,33.08333333,0.833333333,0.150806126,6.010166667,6.503416667,9.5155,46.56783333,14.16541667,4.154,8,3.640745984,4.058823529,4.367647059,3.75,4.176470588,3.988235294,0.4858,8_116,4.625,3.875,3.0,4.5,4.25,4.0,4.625,4.5,3.5,3.875,3.875,4.25,3.5,4.875,4.125,3.875,3.75
995,2022-12-25T01:33:05Z,937,750,26.833,333075,10401.0,201,popular,0,0,1,0,1,0,0,1,0.0,0.0,0.0,149.161613,70.73481481,6.737406467,0.211238786,0.074535087,0.498763966,0.149070175,0.215220065,19.47826087,1.0,0.132347505,0.063565217,4.223913043,0.828391304,31.67986957,2.270478261,11.424,8,3.200391503,2.904411765,2.632352941,3.176470588,2.882352941,2.941176471,34.3677,8_21,2.625,2.625,1.75,3.625,2.375,3.25,4.0,3.75,3.375,3.5,2.875,3.375,2.25,1.375,2.875,3.5,2.25
999,2022-09-08T11:29:11Z,1138,640,29.866,102472,11738.0,391,popular,0,0,0,0,0,0,1,0,,,,45.04704231,13.7826,3.215188336,0.005110245,0.03348289,0.998906214,0.0,0.0,,,,,,,,,,9,4.08628184,4.437908497,4.254901961,4.803921569,5.0,4.156862745,11.4601,8_25,5.333333333,5.0,3.777777778,5.0,4.666666667,5.111111111,5.0,3.777777778,6.0,3.444444444,4.888888889,4.111111111,5.555555556,1.444444444,5.555555556,4.888888889,1.888888889
1004,2021-12-23T20:46:17Z,1920,1080,15.0,74906,5319.0,1001,popular,0,0,0,1,0,0,0,0,198.7680288,0.001608946,1475.691394,197.9513537,26.27213333,4.248913038,0.167822267,0.2,0.331111111,0.4,0.326666667,49.83333333,0.0,0.091324389,43.10013333,6.4568,0.320033333,16.54546667,8.3928,3.54,9,3.148902439,3.163398693,3.715686275,2.058823529,2.529411765,3.480392157,8.1226,8_3,2.777777778,3.333333333,2.444444444,2.555555556,2.444444444,3.666666667,3.666666667,3.222222222,2.777777778,3.222222222,2.777777778,3.666666667,2.777777778,3.444444444,4.222222222,3.333333333,3.444444444
1006,2022-08-01T17:34:41Z,1920,1080,86.433,214088,13449.0,152,popular,0,0,0,0,0,0,0,1,86.1328125,0.000126,1619.116649,67.84111898,44.44187067,6.589027797,0.061487996,0.370228963,0.030864464,0.705748962,0.013788753,38.05714286,0.314285714,0.075489615,8.016857143,4.967471429,3.699557143,13.32324286,9.708985714,5.6384,7,4.480995276,4.478991597,4.470588235,4.529411765,4.549019608,4.426470588,22.7689,8_31,4.571428571,5.0,3.142857143,4.714285714,5.571428571,4.142857143,4.428571429,4.428571429,4.285714286,3.857142857,4.142857143,5.571428571,5.0,3.714285714,5.0,4.571428571,4.0
1016,2022-04-21T10:49:24Z,1918,1080,22.833,1386356,193642.0,818,popular,1,0,1,0,0,0,0,0,89.10290948,0.019419458,1018.98732,157.6632254,44.96608696,7.273557235,0.302699578,0.04379626,0.998554723,0.131388779,0.115330151,,,0.087220438,,,,,,,9,3.439506401,3.281045752,3.088235294,3.666666667,3.166666667,3.509803922,158.0816,8_40,3.333333333,3.888888889,2.666666667,4.111111111,4.0,3.555555556,4.222222222,3.333333333,2.111111111,2.777777778,3.0,3.222222222,2.111111111,4.0,2.555555556,3.222222222,3.666666667
1038,2022-03-01T16:53:29Z,1333,750,8.566,237616,11267.0,67,popular,0,0,0,0,0,1,0,0,117.4538352,0.053246334,1501.691759,119.5658349,63.53372093,7.217647037,0.280596612,0.817184217,0.138976935,0.46696241,0.064207331,27.0,1.0,0.021191438,82.096,0.034,0.134,1.15,0.034,16.519,8,3.664233399,3.169117647,3.666666667,2.870588235,2.75,3.588235294,24.895,8_60,3.25,2.875,2.375,3.5,2.625,3.375,4.0,3.25,2.875,2.875,3.375,2.625,3.125,4.0,3.375,3.125,3.25
1040,2022-08-07T16:11:41Z,1920,1080,15.466,237030,9584.0,54,popular,0,0,0,0,0,1,0,0,161.4990234,0.01923712,2079.761322,72.68135553,52.76410256,6.719388517,0.087287734,0.258631838,0.247855522,1.745764904,0.092436935,32.17647059,0.264705882,0.004892957,7.048764706,3.464970588,14.23038235,25.73694118,8.794794118,10.04541176,9,3.59722542,3.405228758,3.544117647,3.294117647,4.68627451,2.764705882,24.6668,8_62,3.666666667,3.222222222,3.222222222,3.444444444,2.666666667,3.333333333,4.444444444,3.444444444,2.444444444,2.777777778,3.0,3.666666667,3.0,5.111111111,3.777777778,3.0,3.666666667
1087,2023-03-10T04:13:25Z,1333,750,90.033,2008,221.0,14,unpopular,0,0,0,0,0,0,0,1,112.3471467,0.001872555,1315.455711,152.1828974,61.20600887,7.22854884,0.288582536,0.022214077,0.499631613,0.022214077,0.499261382,38.45054945,0.0,0.348150046,0.717362637,5.518527473,5.507043956,0.991043956,17.45049451,12.64469231,7,3.300884701,4.554621849,5.058823529,4.352941176,4.617647059,4.470588235,0.2243,9_104,5.428571429,5.428571429,2.714285714,4.571428571,5.857142857,4.571428571,3.857142857,4.0,4.0,3.571428571,4.285714286,5.428571429,5.142857143,5.0,5.428571429,4.285714286,3.857142857
1088,2015-08-30T20:30:31Z,360,640,7.074,0,8.0,0,unpopular,0,1,0,0,0,0,0,0,161.4990234,3.88e-05,1704.132839,169.688654,49.43055556,5.413570434,0.141740044,0.141362737,0.999963246,7.350862313,0.118373736,37.76470588,0.058823529,0.003528232,11.34282353,12.33705882,8.240941176,33.76823529,7.777823529,5.860294118,9,3.348800309,3.647058824,3.715686275,3.509803922,2.779411765,4.341176471,0.0008,9_105,3.666666667,3.888888889,3.222222222,3.555555556,3.777777778,3.888888889,3.777777778,3.333333333,3.444444444,4.222222222,3.777777778,3.555555556,3.444444444,3.222222222,3.666666667,3.777777778,3.777777778
1091,2022-06-11T00:23:11Z,1333,750,15.366,3959,466.0,19,unpopular,0,0,0,1,0,0,0,0,161.4990234,0.058380999,1080.063904,145.2962372,69.47558442,7.716323313,0.070246001,0.325393726,0.197839399,0.325393726,0.177014187,27.16666667,0.0,0.005437091,0.445333333,13.18033333,1.202333333,1.907166667,18.76733333,2.396916667,9,3.260097498,2.54248366,3.323529412,2.319327731,2.25210084,3.558823529,0.4444,9_108,3.444444444,2.111111111,1.666666667,3.0,2.777777778,1.777777778,3.555555556,2.888888889,2.777777778,1.666666667,2.777777778,2.111111111,1.555555556,3.444444444,2.666666667,2.444444444,2.555555556
1097,2015-06-12T06:04:15Z,640,640,10.11,0,34.0,2,unpopular,0,0,1,0,0,0,0,0,89.10290948,2.32e-06,2348.243296,116.3087991,80.98960784,7.291202541,0.712215074,0.098911968,1.00001088,0.098911968,1.00001088,31.18181818,1.0,0.355878352,0.188545455,0.484636364,1.006454545,0.654545455,5.943272727,0.619818182,8,3.170573507,3.654411765,3.676470588,3.632352941,4.31372549,3.258823529,0.0036,9_113,3.0,3.0,2.875,2.75,3.375,3.625,4.375,4.0,3.875,4.0,2.875,3.625,3.375,5.5,4.5,3.75,3.625
1114,2022-12-13T13:30:36Z,1080,1080,86.1,2772830,299310.0,8680,popular,0,0,1,0,1,0,0,1,103.359375,0.062412392,1690.014275,73.45258724,100.0081671,7.076056658,0.434284599,0.081300813,0.142469997,0.441347271,0.099486521,39.05740181,0.003021148,0.018105964,0.258885196,0.676009063,3.458761329,43.56691843,7.266839879,2.320199396,9,3.516804713,2.941176471,2.568627451,3.68627451,3.029411765,2.870588235,308.082,9_20,3.333333333,2.555555556,2.444444444,3.111111111,3.444444444,3.111111111,3.111111111,2.666666667,2.333333333,2.222222222,3.666666667,3.333333333,3.111111111,2.333333333,4.0,2.777777778,2.444444444
1119,2023-01-06T15:47:42Z,1333,750,90.033,161598,21701.0,313,popular,0,0,0,0,0,0,1,0,123.046875,0.034218065,2333.508898,35.35424861,166.4745011,4.898160433,0.143714428,0.355425233,0.030879882,0.777492697,0.013344313,40.01351351,0.210526316,0.082134199,2.871418919,4.449405405,2.254324324,24.55343243,3.967324324,20.59098649,8,4.617075252,5.595588235,5.029411765,5.784313725,5.752941176,5.333333333,18.3612,9_25,5.875,5.25,4.25,5.75,5.25,6.0,5.875,6.375,4.75,5.875,5.75,5.375,5.375,5.625,6.0,6.0,5.75
1130,2021-05-21T13:45:21Z,1138,640,9.866,5142208,519103.0,2681,popular,1,0,1,0,0,0,0,0,151.9990809,0.000884,1949.393321,162.7012958,42.9696,7.312304743,0.228985171,0.1013582,0.996688932,0.0,0.0,,,,,,,,,,7,3.572623561,3.226890756,3.254901961,3.205882353,3.070588235,3.617647059,566.3992,9_35,3.428571429,2.857142857,2.0,2.857142857,3.285714286,3.571428571,3.571428571,3.571428571,3.428571429,2.714285714,3.571428571,3.428571429,2.428571429,3.285714286,4.0,3.428571429,3.428571429
1132,2022-08-01T08:16:01Z,1920,1080,88.866,791772,36437.0,416,popular,0,1,0,0,0,0,0,1,123.046875,0.0,1788.957199,116.4895681,69.2851236,6.158503072,0.276021026,0.19129926,0.058448874,0.225057952,0.042479689,51.4,0.213333333,0.208553473,8.076293333,13.91693333,1.78332,18.71601333,5.023706667,15.93586667,8,4.096367522,4.470588235,4.911764706,4.323529412,4.776470588,3.960784314,82.8625,9_37,5.375,5.625,3.0,4.875,5.375,4.5,4.5,4.625,3.625,4.75,4.75,5.375,4.125,2.875,4.75,4.5,3.375
1163,2020-08-13T15:18:35Z,1137,640,8.666,876273,133768.0,1808,popular,0,1,0,0,0,0,1,0,112.3471467,0.249320179,2568.753152,130.8274675,56.8025,7.3692747,0.19669227,0.346180475,0.329512539,0.346180475,0.323101777,21.77777778,0.888888889,0.082344931,0.005111111,0.207777778,0.025555556,47.99244444,0.666444444,12.11844444,8,3.38259933,4.051470588,3.078431373,4.635294118,4.075630252,3.882352941,101.1849,9_65,3.375,5.125,2.625,3.125,4.625,4.375,4.625,3.625,2.75,4.25,3.625,4.5,4.125,4.875,4.0,4.875,4.375
1177,2022-12-20T04:34:21Z,1333,750,5.0,3534,326.0,5,popular,1,0,0,0,0,0,0,0,,,,243.5520787,3.0176,2.518218354,0.0,0.2,0.9933332,0.0,0.0,,,,,,,,,,8,3.295760365,2.74789916,2.176470588,4.176470588,3.607843137,2.102941176,0.3865,9_78,2.428571429,3.285714286,2.714285714,2.428571429,4.142857143,3.0,2.714285714,2.0,1.857142857,2.428571429,2.714285714,3.285714286,3.857142857,1.428571429,3.285714286,3.285714286,1.857142857
1186,2022-12-13T19:52:22Z,750,750,19.648,54778,6936.0,249,popular,0,0,0,0,0,0,0,1,143.5546875,0.002974318,1645.004414,88.20019566,43.20979592,6.985805478,0.259330987,0.050895765,0.995860444,0.050895765,0.992467427,64.05,0.0,0.402765593,1.4433,1.59785,1.0811,12.07755,4.2654,0.8954,8,2.963525844,2.441176471,2.441176471,2.441176471,2.294117647,2.588235294,6.1963,9_86,1.625,2.0,1.375,2.5,2.875,2.25,2.5,2.375,2.625,2.75,3.25,3.0,2.5,2.375,3.625,2.125,1.75
1187,2022-11-04T15:05:41Z,1920,1080,30.066,31561,2595.0,15,popular,0,0,0,0,0,0,0,1,117.4538352,0.170181185,754.4261834,121.6231424,52.51589404,6.884723161,0.349848113,0.033260161,0.99891349,0.0,0.0,38.0,0.0,,1.944,0.039,0.039,0.039,0.039,97.287,10,4.014958192,4.517647059,4.588235294,4.470588235,4.376470588,4.658823529,3.4171,9_87,5.7,5.8,3.3,4.5,4.6,4.5,5.8,5.1,3.2,3.6,4.7,5.3,4.3,3.9,4.8,4.2,3.5
1195,2022-02-25T20:47:08Z,1333,750,9.9,370,17.0,0,unpopular,0,0,0,1,0,0,0,0,71.77734375,0.0629756,2739.167236,129.4296244,71.165,7.263330627,0.196930707,0.101010101,0.996632929,0.101010101,0.98989899,36.6,1.0,0.414134326,0.0264,0.8226,4.7899,45.0018,0.4682,17.5963,9,2.952661388,2.346405229,2.294117647,2.37254902,2.098039216,2.843137255,0.0387,9_94,2.555555556,2.777777778,1.333333333,2.333333333,2.333333333,2.555555556,2.444444444,2.888888889,1.888888889,1.777777778,2.222222222,2.555555556,2.0,2.0,3.0,2.666666667,2.555555556
1197,2021-09-27T07:26:41Z,995,640,124.0,2423,342.0,12,unpopular,0,1,0,0,0,0,0,0,99.38401442,0.097101137,1814.810024,126.9856965,50.24966129,7.595958543,0.088862765,0.016129032,0.499731181,1.653225806,0.004335169,40.90686275,0.144927536,0.003359893,10.25336765,9.754534314,5.408240196,12.48414216,6.909426471,7.077852941,8,3.694829628,4.419117647,4.388235294,4.470588235,4.764705882,4.211764706,0.2777,9_96,4.5,4.875,3.625,4.375,4.375,4.375,4.625,4.125,4.25,4.125,4.0,5.0,4.75,4.25,5.25,4.375,4.25
